,Folder,File,Settings,Toolchain,Message,Runtime (ns),Allocated memory end (bytes),Peak memory consumption (bytes),Overall iterations,Overall time,Minimization time,Initial property automaton Locations,Initial property automaton Edges,Initial RCFG Locations,Initial RCFG Edges,Initial product Locations,Initial product Edges,Optimized Product Locations,Optimized Product Edges,Trivial modules,Deterministic modules,Nondeterministic modules,Remainer module,Avg Locs trivial modules,Avg Locs deterministic modules,Avg Locs nondeterministic modules
,coolant,coolant_basis_1_neg.c,Default-LBE-Multi+NondetBuchi.epf,LTLAutomizerC.xml,ExpectedResult: UNSAFE UltimateResult: UNSAFE   Violation of LTL property !(G((A ==> G(A)))) ,2803093759,3.4865152E+8,113310768,4,1448369618,63050708,2,3,72,94,148,245,39,76,2,0,1,Nonterminating,3.0,0.0,4.0
,coolant,coolant_basis_1_neg.c,Default-LBE-Multi+SBE+SASBE+NondetBuchi.epf,LTLAutomizerC.xml,ExpectedResult: UNSAFE UltimateResult: UNSAFE   Violation of LTL property !(G((A ==> G(A)))) ,1061218604.0,392691712,146211568,4,800954245,29229461,2,3,72,95,148,248,40,79,2,0,1,Nonterminating,3.0,0.0,4.0
,coolant,coolant_basis_1_neg.c,Default-LBE-Multi+SBE+SASBE.epf,LTLAutomizerC.xml,ExpectedResult: UNSAFE UltimateResult: UNSAFE   Violation of LTL property !(G((A ==> G(A)))) ,902290682.0,3.6438016E+8,1.4528656E+8,4,679341031,17940786,2,3,72,95,148,248,40,79,2,1,0,Nonterminating,3.5,4.0,0.0
,coolant,coolant_basis_1_neg.c,Default-LBE-Multi.epf,LTLAutomizerC.xml,ExpectedResult: UNSAFE UltimateResult: UNSAFE   Violation of LTL property !(G((A ==> G(A)))) ,814498047.0,386924544,144196016,3,637203306,11962640,2,3,72,94,148,245,39,76,1,1,0,Nonterminating,4.0,4.0,0.0
,coolant,coolant_basis_1_safe_sfty.c,Default-LBE-Multi+NondetBuchi.epf,LTLAutomizerC.xml,ExpectedResult: SAFE UltimateResult: SAFE   [ShortDescription: All specifications hold LongDescription: Buchi Automizer proved that the LTL property G((A ==> G(A))) holds],265979535.0,3.6438016E+8,19314096,3,112598046,6201019,3,5,72,94,214,406,118,270,2,0,0,-,3.0,0.0,0.0
,coolant,coolant_basis_1_safe_sfty.c,Default-LBE-Multi+SBE+SASBE+NondetBuchi.epf,LTLAutomizerC.xml,ExpectedResult: SAFE UltimateResult: SAFE   [ShortDescription: All specifications hold LongDescription: Buchi Automizer proved that the LTL property G((A ==> G(A))) holds],259217491.0,380633088,22538136,3,92812124,4906550,3,5,72,95,214,411,119,277,2,0,0,-,3.0,0.0,0.0
,coolant,coolant_basis_1_safe_sfty.c,Default-LBE-Multi+SBE+SASBE.epf,LTLAutomizerC.xml,ExpectedResult: SAFE UltimateResult: SAFE   [ShortDescription: All specifications hold LongDescription: Buchi Automizer proved that the LTL property G((A ==> G(A))) holds],246120437.0,3.6438016E+8,23267128,3,89882695,5463231,3,5,72,95,214,411,119,277,2,0,0,-,3.0,0.0,0.0
,coolant,coolant_basis_1_safe_sfty.c,Default-LBE-Multi.epf,LTLAutomizerC.xml,ExpectedResult: SAFE UltimateResult: SAFE   [ShortDescription: All specifications hold LongDescription: Buchi Automizer proved that the LTL property G((A ==> G(A))) holds],217873690.0,376438784,22533072,3,91199551,5230335,3,5,72,94,214,406,118,270,2,0,0,-,3.0,0.0,0.0
,coolant,coolant_basis_1_unsafe_sfty.c,Default-LBE-Multi+NondetBuchi.epf,LTLAutomizerC.xml,ExpectedResult: UNSAFE UltimateResult: UNSAFE   Violation of LTL property !(G((A ==> G(A)))) ,631859029.0,3.6438016E+8,152245064,4,508012405,16217946,2,3,73,95,150,248,39,74,2,0,1,Nonterminating,3.0,0.0,4.0
,coolant,coolant_basis_1_unsafe_sfty.c,Default-LBE-Multi+SBE+SASBE+NondetBuchi.epf,LTLAutomizerC.xml,ExpectedResult: UNSAFE UltimateResult: UNSAFE   Violation of LTL property !(G((A ==> G(A)))) ,596622351.0,375390208,141830104,4,437705791,17191973,2,3,73,96,150,251,40,77,2,0,1,Nonterminating,3.0,0.0,4.0
,coolant,coolant_basis_1_unsafe_sfty.c,Default-LBE-Multi+SBE+SASBE.epf,LTLAutomizerC.xml,ExpectedResult: UNSAFE UltimateResult: UNSAFE   Violation of LTL property !(G((A ==> G(A)))) ,588736588.0,3.6438016E+8,143250936,4,437238993,9817779,2,3,73,96,150,251,40,77,2,1,0,Nonterminating,3.5,4.0,0.0
,coolant,coolant_basis_1_unsafe_sfty.c,Default-LBE-Multi.epf,LTLAutomizerC.xml,ExpectedResult: UNSAFE UltimateResult: UNSAFE   Violation of LTL property !(G((A ==> G(A)))) ,556403277.0,375390208,150519752,4,432769834,12866163,2,3,73,95,150,248,39,74,2,1,0,Nonterminating,3.5,4.0,0.0
,coolant,coolant_basis_2_neg.c,Default-LBE-Multi+NondetBuchi.epf,LTLAutomizerC.xml,ExpectedResult: UNSAFE UltimateResult: UNSAFE   Violation of LTL property !(G(F(A))) ,358095308.0,3.6438016E+8,90062504,2,265728260,3064422,2,4,72,94,146,304,98,250,1,0,0,Nonterminating,3.0,0.0,0.0
,coolant,coolant_basis_2_neg.c,Default-LBE-Multi+SBE+SASBE+NondetBuchi.epf,LTLAutomizerC.xml,ExpectedResult: UNSAFE UltimateResult: UNSAFE   Violation of LTL property !(G(F(A))) ,365037122.0,375390208,95592112,2,252197155,2467978,2,4,72,95,146,308,99,254,1,0,0,Nonterminating,3.0,0.0,0.0
,coolant,coolant_basis_2_neg.c,Default-LBE-Multi+SBE+SASBE.epf,LTLAutomizerC.xml,ExpectedResult: UNSAFE UltimateResult: UNSAFE   Violation of LTL property !(G(F(A))) ,401007573.0,3.6438016E+8,92978136,2,271662634,3123899,2,4,72,95,146,308,99,254,1,0,0,Nonterminating,3.0,0.0,0.0
,coolant,coolant_basis_2_neg.c,Default-LBE-Multi.epf,LTLAutomizerC.xml,ExpectedResult: UNSAFE UltimateResult: UNSAFE   Violation of LTL property !(G(F(A))) ,327391274.0,3.7486592E+8,91598104,2,231951119,2447929,2,4,72,94,146,304,98,250,1,0,0,Nonterminating,3.0,0.0,0.0
,coolant,coolant_basis_2_safe_liveness.c,Default-LBE-Multi+NondetBuchi.epf,LTLAutomizerC.xml,ExpectedResult: SAFE UltimateResult: SAFE   [ShortDescription: All specifications hold LongDescription: Buchi Automizer proved that the LTL property G(F(A)) holds],2869952360.0,4.0370176E+8,174600648,19,2756586117,146627801,2,3,72,94,146,241,64,119,0,0,18,-,0.0,0.0,7.666666666666667
,coolant,coolant_basis_2_safe_liveness.c,Default-LBE-Multi+SBE+SASBE+NondetBuchi.epf,LTLAutomizerC.xml,ExpectedResult: SAFE UltimateResult: SAFE   [ShortDescription: All specifications hold LongDescription: Buchi Automizer proved that the LTL property G(F(A)) holds],10378669136.0,973602816,674400256,12,10272059930,8435078424,2,3,72,95,146,244,64,123,0,0,11,-,0.0,0.0,8.0
,coolant,coolant_basis_2_safe_liveness.c,Default-LBE-Multi+SBE+SASBE.epf,LTLAutomizerC.xml,ExpectedResult: SAFE UltimateResult: SAFE   [ShortDescription: All specifications hold LongDescription: Buchi Automizer proved that the LTL property G(F(A)) holds],3491974227.0,1091043328,114092952,21,3394246532,133913673,2,3,72,95,146,244,64,123,0,20,0,-,0.0,6.0,0.0
,coolant,coolant_basis_2_safe_liveness.c,Default-LBE-Multi.epf,LTLAutomizerC.xml,ExpectedResult: SAFE UltimateResult: SAFE   [ShortDescription: All specifications hold LongDescription: Buchi Automizer proved that the LTL property G(F(A)) holds],3009436522.0,1210580992,956417888,19,2911207612,97159320,2,3,72,94,146,241,64,119,0,18,0,-,0.0,6.0,0.0
,coolant,coolant_basis_2_unsafe_liveness.c,Default-LBE-Multi+NondetBuchi.epf,LTLAutomizerC.xml,ExpectedResult: UNSAFE UltimateResult: TIMEOUT   [ShortDescription: Timeout (de.uni_freiburg.informatik.ultimate.plugins.generator.buchiautomizer) LongDescription: Timeout while trying to prove G(F(A))],1201887207151.0,3.3554432E+9,3011593232,9,1201788370767,1197866771990,2,3,72,94,146,241,83,168,0,0,9,Decomposition not yet finished,0.0,0.0,8.0
,coolant,coolant_basis_2_unsafe_liveness.c,Default-LBE-Multi+SBE+SASBE+NondetBuchi.epf,LTLAutomizerC.xml,ExpectedResult: UNSAFE UltimateResult: TIMEOUT   [ShortDescription: Timeout (de.uni_freiburg.informatik.ultimate.plugins.generator.buchiautomizer) LongDescription: Timeout while trying to prove G(F(A))],1260390923484.0,3.3554432E+9,2.93812896E+9,9,1260258613696,1257138040332,2,3,72,95,146,244,83,172,0,0,9,Decomposition not yet finished,0.0,0.0,8.0
,coolant,coolant_basis_2_unsafe_liveness.c,Default-LBE-Multi+SBE+SASBE.epf,LTLAutomizerC.xml,ExpectedResult: UNSAFE UltimateResult: TIMEOUT   [ShortDescription: Timeout (de.uni_freiburg.informatik.ultimate.plugins.generator.buchiautomizer) LongDescription: Timeout while trying to prove G(F(A))],1263207627204.0,3.3554432E+9,2923344608,9,1263072626234,1260512367954,2,3,72,95,146,244,83,172,0,9,0,Decomposition not yet finished,0.0,6.0,0.0
,coolant,coolant_basis_2_unsafe_liveness.c,Default-LBE-Multi.epf,LTLAutomizerC.xml,ExpectedResult: UNSAFE UltimateResult: TIMEOUT   [ShortDescription: Timeout (de.uni_freiburg.informatik.ultimate.plugins.generator.buchiautomizer) LongDescription: Timeout while trying to prove G(F(A))],1202501471229.0,3357016064,2944893392,9,1201851168865,1199270831621,2,3,72,94,146,241,83,168,0,9,0,Decomposition not yet finished,0.0,6.0,0.0
,coolant,coolant_basis_3_safe_sftyliveness.c,Default-LBE-Multi+NondetBuchi.epf,LTLAutomizerC.xml,ExpectedResult: SAFE UltimateResult: SAFE   [ShortDescription: All specifications hold LongDescription: Buchi Automizer proved that the LTL property G((A || G(F(B)))) holds],157205752.0,3357540352,8.573692E+7,2,25565920,399969,3,6,66,87,193,421,75,200,1,0,0,-,3.0,0.0,0.0
,coolant,coolant_basis_3_safe_sftyliveness.c,Default-LBE-Multi+SBE+SASBE+NondetBuchi.epf,LTLAutomizerC.xml,ExpectedResult: SAFE UltimateResult: SAFE   [ShortDescription: All specifications hold LongDescription: Buchi Automizer proved that the LTL property G((A || G(F(B)))) holds],156654417.0,3354394624,8.553244E+7,2,31494613,528614,3,6,66,88,193,427,77,207,1,0,0,-,3.0,0.0,0.0
,coolant,coolant_basis_3_safe_sftyliveness.c,Default-LBE-Multi+SBE+SASBE.epf,LTLAutomizerC.xml,ExpectedResult: SAFE UltimateResult: SAFE   [ShortDescription: All specifications hold LongDescription: Buchi Automizer proved that the LTL property G((A || G(F(B)))) holds],147357233.0,3351248896,5.690632E+7,2,29407558,384598,3,6,66,88,193,427,77,207,1,0,0,-,3.0,0.0,0.0
,coolant,coolant_basis_3_safe_sftyliveness.c,Default-LBE-Multi.epf,LTLAutomizerC.xml,ExpectedResult: SAFE UltimateResult: SAFE   [ShortDescription: All specifications hold LongDescription: Buchi Automizer proved that the LTL property G((A || G(F(B)))) holds],145577592.0,3349151744,56811952,2,28555830,330133,3,6,66,87,193,421,75,200,1,0,0,-,3.0,0.0,0.0
,coolant,coolant_basis_3_unsafe_sftyliveness.c,Default-LBE-Multi+NondetBuchi.epf,LTLAutomizerC.xml,ExpectedResult: UNSAFE UltimateResult: UNSAFE   Violation of LTL property G((A || G(F(B)))) ,274227848.0,3346530304,95852416,2,186844538,1191552,3,6,66,87,193,421,98,273,1,0,0,Nonterminating,3.0,0.0,0.0
,coolant,coolant_basis_3_unsafe_sftyliveness.c,Default-LBE-Multi+SBE+SASBE+NondetBuchi.epf,LTLAutomizerC.xml,ExpectedResult: UNSAFE UltimateResult: UNSAFE   Violation of LTL property G((A || G(F(B)))) ,435202728.0,3345481728,1.1331108E+8,2,330241512,1758259,3,6,66,88,193,427,100,280,1,0,0,Nonterminating,3.0,0.0,0.0
,coolant,coolant_basis_3_unsafe_sftyliveness.c,Default-LBE-Multi+SBE+SASBE.epf,LTLAutomizerC.xml,ExpectedResult: UNSAFE UltimateResult: UNSAFE   Violation of LTL property G((A || G(F(B)))) ,290926960.0,3342860288,95604336,2,189321203,1051213,3,6,66,88,193,427,100,280,1,0,0,Nonterminating,3.0,0.0,0.0
,coolant,coolant_basis_3_unsafe_sftyliveness.c,Default-LBE-Multi.epf,LTLAutomizerC.xml,ExpectedResult: UNSAFE UltimateResult: UNSAFE   Violation of LTL property G((A || G(F(B)))) ,305903231.0,3.342336E+9,113057408,2,201449578,1052215,3,6,66,87,193,421,98,273,1,0,0,Nonterminating,3.0,0.0,0.0
,coolant,coolant_basis_4_1_unsafe_sftyliveness.c,Default-LBE-Multi+NondetBuchi.epf,LTLAutomizerC.xml,ExpectedResult: UNSAFE UltimateResult: UNSAFE   Violation of LTL property G((A || (B || F(G(C))))) ,436888143.0,3.33971456E+9,143114664,4,334787522,5267758,4,8,67,88,195,439,98,286,3,0,0,Nonterminating,3.0,0.0,0.0
,coolant,coolant_basis_4_1_unsafe_sftyliveness.c,Default-LBE-Multi+SBE+SASBE+NondetBuchi.epf,LTLAutomizerC.xml,ExpectedResult: UNSAFE UltimateResult: UNSAFE   Violation of LTL property G((A || (B || F(G(C))))) ,424921494.0,3340238848,169335432,5,314772379,6269518,4,8,67,89,195,445,99,293,4,0,0,Nonterminating,3.0,0.0,0.0
,coolant,coolant_basis_4_1_unsafe_sftyliveness.c,Default-LBE-Multi+SBE+SASBE.epf,LTLAutomizerC.xml,ExpectedResult: UNSAFE UltimateResult: UNSAFE   Violation of LTL property G((A || (B || F(G(C))))) ,463768247.0,3.33709312E+9,166687416,5,349892440,6364415,4,8,67,89,195,445,99,293,4,0,0,Nonterminating,3.0,0.0,0.0
,coolant,coolant_basis_4_1_unsafe_sftyliveness.c,Default-LBE-Multi.epf,LTLAutomizerC.xml,ExpectedResult: UNSAFE UltimateResult: UNSAFE   Violation of LTL property G((A || (B || F(G(C))))) ,412212713.0,3338141696,1.6908272E+8,4,314725598,5929360,4,8,67,88,195,439,98,286,3,0,0,Nonterminating,3.0,0.0,0.0
,coolant,coolant_basis_4_2_unsafe_sftyliveness.c,Default-LBE-Multi+NondetBuchi.epf,LTLAutomizerC.xml,ExpectedResult: UNSAFE UltimateResult: UNSAFE   Violation of LTL property G((A || (B || F(G(C))))) ,3206680246.0,3335520256,2140332952,4,3059279909,32351020,4,8,69,93,209,483,112,342,3,0,0,Nonterminating,4.0,0.0,0.0
,coolant,coolant_basis_4_2_unsafe_sftyliveness.c,Default-LBE-Multi+SBE+SASBE+NondetBuchi.epf,LTLAutomizerC.xml,ExpectedResult: UNSAFE UltimateResult: UNSAFE   Violation of LTL property G((A || (B || F(G(C))))) ,2957440922.0,3328180224,2406385824,6,2837184662,31351267,4,8,69,94,209,489,113,349,5,0,0,Nonterminating,3.2,0.0,0.0
,coolant,coolant_basis_4_2_unsafe_sftyliveness.c,Default-LBE-Multi+SBE+SASBE.epf,LTLAutomizerC.xml,ExpectedResult: UNSAFE UltimateResult: UNSAFE   Violation of LTL property G((A || (B || F(G(C))))) ,3143227899.0,3319791616,2589673064,6,3003662537,27042831,4,8,69,94,209,489,113,349,5,0,0,Nonterminating,3.2,0.0,0.0
,coolant,coolant_basis_4_2_unsafe_sftyliveness.c,Default-LBE-Multi.epf,LTLAutomizerC.xml,ExpectedResult: UNSAFE UltimateResult: UNSAFE   Violation of LTL property G((A || (B || F(G(C))))) ,2742873574.0,3315597312,2225995296,4,2636392676,31330215,4,8,69,93,209,483,112,342,3,0,0,Nonterminating,4.0,0.0,0.0
,coolant,coolant_basis_4_neg.c,Default-LBE-Multi+NondetBuchi.epf,LTLAutomizerC.xml,ExpectedResult: UNSAFE UltimateResult: UNSAFE   Violation of LTL property !(G((A || (B || F(G(C)))))) ,268695445.0,3309305856,80234216,2,185275403,1694771,3,6,66,87,193,421,136,331,1,0,0,Nonterminating,3.0,0.0,0.0
,coolant,coolant_basis_4_neg.c,Default-LBE-Multi+SBE+SASBE+NondetBuchi.epf,LTLAutomizerC.xml,ExpectedResult: UNSAFE UltimateResult: UNSAFE   Violation of LTL property !(G((A || (B || F(G(C)))))) ,332888255.0,3.3161216E+9,1.0696896E+8,2,196657972,3134592,3,6,66,88,193,427,137,349,1,0,0,Nonterminating,3.0,0.0,0.0
,coolant,coolant_basis_4_neg.c,Default-LBE-Multi+SBE+SASBE.epf,LTLAutomizerC.xml,ExpectedResult: UNSAFE UltimateResult: UNSAFE   Violation of LTL property !(G((A || (B || F(G(C)))))) ,300916153.0,3.3161216E+9,80675752,2,196088928,2629703,3,6,66,88,193,427,137,349,1,0,0,Nonterminating,3.0,0.0,0.0
,coolant,coolant_basis_4_neg.c,Default-LBE-Multi.epf,LTLAutomizerC.xml,ExpectedResult: UNSAFE UltimateResult: UNSAFE   Violation of LTL property !(G((A || (B || F(G(C)))))) ,257044562.0,3322413056,107474672,2,182418150,1747900,3,6,66,87,193,421,136,331,1,0,0,Nonterminating,3.0,0.0,0.0
,coolant,coolant_basis_4_safe_sftyliveness.c,Default-LBE-Multi+NondetBuchi.epf,LTLAutomizerC.xml,ExpectedResult: SAFE UltimateResult: SAFE   [ShortDescription: All specifications hold LongDescription: Buchi Automizer proved that the LTL property G((A || (B || F(G(C))))) holds],267386945.0,3.32136448E+9,83613544,5,141124136,5937046,4,8,66,87,192,433,97,282,4,0,0,-,3.0,0.0,0.0
,coolant,coolant_basis_4_safe_sftyliveness.c,Default-LBE-Multi+SBE+SASBE+NondetBuchi.epf,LTLAutomizerC.xml,ExpectedResult: SAFE UltimateResult: SAFE   [ShortDescription: All specifications hold LongDescription: Buchi Automizer proved that the LTL property G((A || (B || F(G(C))))) holds],293889468.0,3326083072,55868224,6,174167501,9957450,4,8,66,88,192,439,98,289,5,0,0,-,3.0,0.0,0.0
,coolant,coolant_basis_4_safe_sftyliveness.c,Default-LBE-Multi+SBE+SASBE.epf,LTLAutomizerC.xml,ExpectedResult: SAFE UltimateResult: SAFE   [ShortDescription: All specifications hold LongDescription: Buchi Automizer proved that the LTL property G((A || (B || F(G(C))))) holds],259153003.0,3.32398592E+9,81132936,6,153346071,8813012,4,8,66,88,192,439,98,289,5,0,0,-,3.0,0.0,0.0
,coolant,coolant_basis_4_safe_sftyliveness.c,Default-LBE-Multi.epf,LTLAutomizerC.xml,ExpectedResult: SAFE UltimateResult: SAFE   [ShortDescription: All specifications hold LongDescription: Buchi Automizer proved that the LTL property G((A || (B || F(G(C))))) holds],232098140.0,3327655936,55931152,5,128852415,6805149,4,8,66,87,192,433,97,282,4,0,0,-,3.0,0.0,0.0
,coolant,coolant_basis_4_unsafe_sftyliveness.c,Default-LBE-Multi+NondetBuchi.epf,LTLAutomizerC.xml,ExpectedResult: UNSAFE UltimateResult: TIMEOUT   [ShortDescription: Timeout (de.uni_freiburg.informatik.ultimate.plugins.generator.buchiautomizer) LongDescription: Timout or Toolchain cancelled by user],1199967470880.0,3327131648,1.2366932E+8,0,1086966,0,4,8,68,90,198,451,101,299,-,-,-,-,-,-,-
,coolant,coolant_basis_4_unsafe_sftyliveness.c,Default-LBE-Multi+SBE+SASBE+NondetBuchi.epf,LTLAutomizerC.xml,ExpectedResult: UNSAFE UltimateResult: TIMEOUT   [ShortDescription: Timeout (de.uni_freiburg.informatik.ultimate.plugins.generator.buchiautomizer) LongDescription: Timeout while trying to prove G((A || (B || F(G(C)))))],1199972494047.0,3327131648,314754224,417,1199798806376,13349735395,4,8,68,92,198,463,103,313,416,0,0,Decomposition not yet finished,23.973557692307693,0.0,0.0
,coolant,coolant_basis_4_unsafe_sftyliveness.c,Default-LBE-Multi+SBE+SASBE.epf,LTLAutomizerC.xml,ExpectedResult: UNSAFE UltimateResult: TIMEOUT   [ShortDescription: Timeout (de.uni_freiburg.informatik.ultimate.plugins.generator.buchiautomizer) LongDescription: Timeout while trying to prove G((A || (B || F(G(C)))))],1199992853023.0,3325558784,827189112,416,1199344968179,13295264799,4,8,68,92,198,463,103,313,415,0,0,Decomposition not yet finished,23.94698795180723,0.0,0.0
,coolant,coolant_basis_4_unsafe_sftyliveness.c,Default-LBE-Multi.epf,LTLAutomizerC.xml,ExpectedResult: UNSAFE UltimateResult: TIMEOUT   [ShortDescription: Timeout (de.uni_freiburg.informatik.ultimate.plugins.generator.buchiautomizer) LongDescription: Timeout while trying to prove G((A || (B || F(G(C)))))],1199980137226.0,3.3292288E+9,724712896,375,1199831594789,11192221228,4,8,68,90,198,451,101,299,374,0,0,Decomposition not yet finished,23.045454545454547,0.0,0.0
,coolant,coolant_basis_5_neg.c,Default-LBE-Multi+NondetBuchi.epf,LTLAutomizerC.xml,ExpectedResult: UNSAFE UltimateResult: UNSAFE   Violation of LTL property !((A U ((B U G(C)) || G(B)))) ,247006582.0,3.29777152E+9,84006664,1,107795749,0,4,8,66,87,252,576,117,190,-,-,-,Nonterminating,-,-,-
,coolant,coolant_basis_5_neg.c,Default-LBE-Multi+SBE+SASBE+NondetBuchi.epf,LTLAutomizerC.xml,ExpectedResult: UNSAFE UltimateResult: UNSAFE   Violation of LTL property !((A U ((B U G(C)) || G(B)))) ,201618320.0,3.32398592E+9,83755024,1,102164441,0,4,8,66,88,252,584,118,196,-,-,-,Nonterminating,-,-,-
,coolant,coolant_basis_5_neg.c,Default-LBE-Multi+SBE+SASBE.epf,LTLAutomizerC.xml,ExpectedResult: UNSAFE UltimateResult: UNSAFE   Violation of LTL property !((A U ((B U G(C)) || G(B)))) ,189759597.0,3323461632,55794736,1,91394022,0,4,8,66,88,252,584,118,196,-,-,-,Nonterminating,-,-,-
,coolant,coolant_basis_5_neg.c,Default-LBE-Multi.epf,LTLAutomizerC.xml,ExpectedResult: UNSAFE UltimateResult: UNSAFE   Violation of LTL property !((A U ((B U G(C)) || G(B)))) ,192802637.0,3322937344,55763272,1,99824441,0,4,8,66,87,252,576,117,190,-,-,-,Nonterminating,-,-,-
,coolant,coolant_basis_5_safe_sftyliveness.c,Default-LBE-Multi+NondetBuchi.epf,LTLAutomizerC.xml,ExpectedResult: SAFE UltimateResult: SAFE   [ShortDescription: All specifications hold LongDescription: Buchi Automizer proved that the LTL property (A U ((B U G(C)) || G(B))) holds],436292030.0,3320840192,122396968,4,299273173,8520972,7,26,66,87,428,1769,358,1456,3,0,0,-,3.0,0.0,0.0
,coolant,coolant_basis_5_safe_sftyliveness.c,Default-LBE-Multi+SBE+SASBE+NondetBuchi.epf,LTLAutomizerC.xml,ExpectedResult: SAFE UltimateResult: SAFE   [ShortDescription: All specifications hold LongDescription: Buchi Automizer proved that the LTL property (A U ((B U G(C)) || G(B))) holds],499605714.0,3321888768,111400688,4,315903118,8642265,7,26,66,88,428,1795,358,1482,3,0,0,-,3.0,0.0,0.0
,coolant,coolant_basis_5_safe_sftyliveness.c,Default-LBE-Multi+SBE+SASBE.epf,LTLAutomizerC.xml,ExpectedResult: SAFE UltimateResult: SAFE   [ShortDescription: All specifications hold LongDescription: Buchi Automizer proved that the LTL property (A U ((B U G(C)) || G(B))) holds],479064293.0,3318218752,122166664,4,306858544,9980506,7,26,66,88,428,1795,358,1482,3,0,0,-,3.0,0.0,0.0
,coolant,coolant_basis_5_safe_sftyliveness.c,Default-LBE-Multi.epf,LTLAutomizerC.xml,ExpectedResult: SAFE UltimateResult: SAFE   [ShortDescription: All specifications hold LongDescription: Buchi Automizer proved that the LTL property (A U ((B U G(C)) || G(B))) holds],456534394.0,3319791616,166849344,4,317733885,8469513,7,26,66,87,428,1769,358,1456,3,0,0,-,3.0,0.0,0.0
,coolant,coolant_basis_5_unsafe_sftyliveness.c,Default-LBE-Multi+NondetBuchi.epf,LTLAutomizerC.xml,ExpectedResult: UNSAFE UltimateResult: UNSAFE   Violation of LTL property (A U ((B U G(C)) || G(B))) ,1854753211.0,3316645888,1373083128,3,1700846116,10920450,7,26,66,87,428,1769,362,1473,2,0,0,Nonterminating,3.0,0.0,0.0
,coolant,coolant_basis_5_unsafe_sftyliveness.c,Default-LBE-Multi+SBE+SASBE+NondetBuchi.epf,LTLAutomizerC.xml,ExpectedResult: UNSAFE UltimateResult: UNSAFE   Violation of LTL property (A U ((B U G(C)) || G(B))) ,1837611697.0,3311927296,1382546696,3,1667627995,8055510,7,26,66,88,428,1795,362,1499,2,0,0,Nonterminating,3.0,0.0,0.0
,coolant,coolant_basis_5_unsafe_sftyliveness.c,Default-LBE-Multi+SBE+SASBE.epf,LTLAutomizerC.xml,ExpectedResult: UNSAFE UltimateResult: UNSAFE   Violation of LTL property (A U ((B U G(C)) || G(B))) ,1691175694.0,3303538688,1245201176,3,1520278448,7942236,7,26,66,88,428,1795,362,1499,2,0,0,Nonterminating,3.0,0.0,0.0
,coolant,coolant_basis_5_unsafe_sftyliveness.c,Default-LBE-Multi.epf,LTLAutomizerC.xml,ExpectedResult: UNSAFE UltimateResult: UNSAFE   Violation of LTL property (A U ((B U G(C)) || G(B))) ,1811487755.0,3300917248,1378561208,3,1669647886,7815262,7,26,66,87,428,1769,362,1473,2,0,0,Nonterminating,3.0,0.0,0.0
,coolant,coolant_basis_6_safe_sftyliveness.c,Default-LBE-Multi+NondetBuchi.epf,LTLAutomizerC.xml,ExpectedResult: SAFE UltimateResult: SAFE   [ShortDescription: All specifications hold LongDescription: Buchi Automizer proved that the LTL property G((A ==> (B ==> F(C)))) holds],662363911.0,3292004352,2.4721116E+8,12,593636119,17609984,2,3,64,85,131,216,68,129,11,0,0,-,5.818181818181818,0.0,0.0
,coolant,coolant_basis_6_safe_sftyliveness.c,Default-LBE-Multi+SBE+SASBE+NondetBuchi.epf,LTLAutomizerC.xml,ExpectedResult: SAFE UltimateResult: SAFE   [ShortDescription: All specifications hold LongDescription: Buchi Automizer proved that the LTL property G((A ==> (B ==> F(C)))) holds],665366520.0,3302490112,207450464,12,562048948,15874784,2,3,64,86,131,219,68,140,11,0,0,-,5.636363636363637,0.0,0.0
,coolant,coolant_basis_6_safe_sftyliveness.c,Default-LBE-Multi+SBE+SASBE.epf,LTLAutomizerC.xml,ExpectedResult: SAFE UltimateResult: SAFE   [ShortDescription: All specifications hold LongDescription: Buchi Automizer proved that the LTL property G((A ==> (B ==> F(C)))) holds],684426013.0,3301441536,248867464,12,583511264,17379427,2,3,64,86,131,219,68,140,11,0,0,-,5.636363636363637,0.0,0.0
,coolant,coolant_basis_6_safe_sftyliveness.c,Default-LBE-Multi.epf,LTLAutomizerC.xml,ExpectedResult: SAFE UltimateResult: SAFE   [ShortDescription: All specifications hold LongDescription: Buchi Automizer proved that the LTL property G((A ==> (B ==> F(C)))) holds],654906181.0,3308781568,260551216,12,581549178,17093067,2,3,64,85,131,216,68,129,11,0,0,-,5.818181818181818,0.0,0.0
,coolant,coolant_basis_6_unsafe_sftyliveness.c,Default-LBE-Multi+NondetBuchi.epf,LTLAutomizerC.xml,ExpectedResult: UNSAFE UltimateResult: UNSAFE   Violation of LTL property G((A ==> (B ==> F(C)))) ,4640958734.0,3306684416,9.230398E+8,17,4574928143,30090881,2,3,64,85,131,216,68,129,16,0,0,Nonterminating,6.75,0.0,0.0
,coolant,coolant_basis_6_unsafe_sftyliveness.c,Default-LBE-Multi+SBE+SASBE+NondetBuchi.epf,LTLAutomizerC.xml,ExpectedResult: UNSAFE UltimateResult: UNSAFE   Violation of LTL property G((A ==> (B ==> F(C)))) ,4270761785.0,3285188608,856048952,14,4165796559,20443179,2,3,64,86,131,219,68,140,13,0,0,Nonterminating,6.3076923076923075,0.0,0.0
,coolant,coolant_basis_6_unsafe_sftyliveness.c,Default-LBE-Multi+SBE+SASBE.epf,LTLAutomizerC.xml,ExpectedResult: UNSAFE UltimateResult: UNSAFE   Violation of LTL property G((A ==> (B ==> F(C)))) ,3662745171.0,3269459968,299595224,14,3545050779,21769393,2,3,64,86,131,219,68,140,13,0,0,Nonterminating,6.3076923076923075,0.0,0.0
,coolant,coolant_basis_6_unsafe_sftyliveness.c,Default-LBE-Multi.epf,LTLAutomizerC.xml,ExpectedResult: UNSAFE UltimateResult: UNSAFE   Violation of LTL property G((A ==> (B ==> F(C)))) ,4246430856.0,3258974208,645386136,17,4179962202,28584233,2,3,64,85,131,216,68,129,16,0,0,Nonterminating,6.75,0.0,0.0
,ltlcmodelchecker-benchmarks,01-exsec2.c,Default-LBE-Multi+NondetBuchi.epf,LTLAutomizerC.xml,ExpectedResult: SAFE UltimateResult: SAFE   [ShortDescription: All specifications hold LongDescription: Buchi Automizer proved that the LTL property F(G(A)) holds],47546826.0,3252158464,5.299504E+7,2,7398252,314762,2,4,18,26,28,64,17,39,1,0,0,-,3.0,0.0,0.0
,ltlcmodelchecker-benchmarks,01-exsec2.c,Default-LBE-Multi+SBE+SASBE+NondetBuchi.epf,LTLAutomizerC.xml,ExpectedResult: SAFE UltimateResult: SAFE   [ShortDescription: All specifications hold LongDescription: Buchi Automizer proved that the LTL property F(G(A)) holds],54255742.0,3252158464,80074504,2,8064532,419349,2,4,18,26,28,64,17,39,1,0,0,-,3.0,0.0,0.0
,ltlcmodelchecker-benchmarks,01-exsec2.c,Default-LBE-Multi+SBE+SASBE.epf,LTLAutomizerC.xml,ExpectedResult: SAFE UltimateResult: SAFE   [ShortDescription: All specifications hold LongDescription: Buchi Automizer proved that the LTL property F(G(A)) holds],53404679.0,3.16669952E+9,80074504,2,7609764,315096,2,4,18,26,28,64,17,39,1,0,0,-,3.0,0.0,0.0
,ltlcmodelchecker-benchmarks,01-exsec2.c,Default-LBE-Multi.epf,LTLAutomizerC.xml,ExpectedResult: SAFE UltimateResult: SAFE   [ShortDescription: All specifications hold LongDescription: Buchi Automizer proved that the LTL property F(G(A)) holds],47919728.0,3233808384,80074504,2,7252900,320443,2,4,18,26,28,64,17,39,1,0,0,-,3.0,0.0,0.0
,ltlcmodelchecker-benchmarks,02-fig8-2007.c,Default-LBE-Multi+NondetBuchi.epf,LTLAutomizerC.xml,ExpectedResult: SAFE UltimateResult: SAFE   [ShortDescription: All specifications hold LongDescription: Buchi Automizer proved that the LTL property G((A ==> F(B))) holds],139810287.0,3.16669952E+9,80074504,3,31721829,1008777,2,3,72,93,149,230,96,167,2,0,0,-,3.0,0.0,0.0
,ltlcmodelchecker-benchmarks,02-fig8-2007.c,Default-LBE-Multi+SBE+SASBE+NondetBuchi.epf,LTLAutomizerC.xml,ExpectedResult: SAFE UltimateResult: SAFE   [ShortDescription: All specifications hold LongDescription: Buchi Automizer proved that the LTL property G((A ==> F(B))) holds],120110908.0,3222798336,80074504,3,28808774,989730,2,3,72,93,149,230,96,167,2,0,0,-,3.0,0.0,0.0
,ltlcmodelchecker-benchmarks,02-fig8-2007.c,Default-LBE-Multi+SBE+SASBE.epf,LTLAutomizerC.xml,ExpectedResult: SAFE UltimateResult: SAFE   [ShortDescription: All specifications hold LongDescription: Buchi Automizer proved that the LTL property G((A ==> F(B))) holds],112183710.0,3.16669952E+9,80074504,3,29233804,1071261,2,3,72,93,149,230,96,167,2,0,0,-,3.0,0.0,0.0
,ltlcmodelchecker-benchmarks,02-fig8-2007.c,Default-LBE-Multi.epf,LTLAutomizerC.xml,ExpectedResult: SAFE UltimateResult: SAFE   [ShortDescription: All specifications hold LongDescription: Buchi Automizer proved that the LTL property G((A ==> F(B))) holds],104017261.0,3217555456,80074504,3,28455586,993406,2,3,72,93,149,230,96,167,2,0,0,-,3.0,0.0,0.0
,ltlcmodelchecker-benchmarks,03-toyacquirerelease.c,Default-LBE-Multi+NondetBuchi.epf,LTLAutomizerC.xml,ExpectedResult: SAFE UltimateResult: SAFE   [ShortDescription: All specifications hold LongDescription: Buchi Automizer proved that the LTL property G((A ==> F(B))) holds],117793962.0,3.16669952E+9,80074504,4,70221745,1611904,2,3,31,41,53,94,23,47,2,0,1,-,3.0,0.0,7.0
,ltlcmodelchecker-benchmarks,03-toyacquirerelease.c,Default-LBE-Multi+SBE+SASBE+NondetBuchi.epf,LTLAutomizerC.xml,ExpectedResult: SAFE UltimateResult: SAFE   [ShortDescription: All specifications hold LongDescription: Buchi Automizer proved that the LTL property G((A ==> F(B))) holds],129260737.0,3214409728,80074504,4,73682794,2051636,2,3,31,41,53,94,23,47,2,0,1,-,3.0,0.0,7.0
,ltlcmodelchecker-benchmarks,03-toyacquirerelease.c,Default-LBE-Multi+SBE+SASBE.epf,LTLAutomizerC.xml,ExpectedResult: SAFE UltimateResult: SAFE   [ShortDescription: All specifications hold LongDescription: Buchi Automizer proved that the LTL property G((A ==> F(B))) holds],141265811.0,3.16669952E+9,5.3383E+7,4,80501307,1727184,2,3,31,41,53,94,23,47,2,1,0,-,3.0,5.0,0.0
,ltlcmodelchecker-benchmarks,03-toyacquirerelease.c,Default-LBE-Multi.epf,LTLAutomizerC.xml,ExpectedResult: SAFE UltimateResult: SAFE   [ShortDescription: All specifications hold LongDescription: Buchi Automizer proved that the LTL property G((A ==> F(B))) holds],118959788.0,3213361152,80074504,4,71438023,1607560,2,3,31,41,53,94,23,47,2,1,0,-,3.0,5.0,0.0
,ltlcmodelchecker-benchmarks,04-toylinarith1.c,Default-LBE-Multi+NondetBuchi.epf,LTLAutomizerC.xml,ExpectedResult: UNSAFE UltimateResult: UNSAFE   Violation of LTL property (A ==> F(B)) ,184349495.0,3.16669952E+9,80074504,7,134587972,3120224,2,2,36,45,35,41,7,10,5,0,1,Nonterminating,4.8,0.0,3.0
,ltlcmodelchecker-benchmarks,04-toylinarith1.c,Default-LBE-Multi+SBE+SASBE+NondetBuchi.epf,LTLAutomizerC.xml,ExpectedResult: UNSAFE UltimateResult: UNSAFE   Violation of LTL property (A ==> F(B)) ,178556464.0,3212312576,80074504,8,130711249,3325052,2,2,36,45,35,41,7,10,6,0,1,Nonterminating,4.5,0.0,3.0
,ltlcmodelchecker-benchmarks,04-toylinarith1.c,Default-LBE-Multi+SBE+SASBE.epf,LTLAutomizerC.xml,ExpectedResult: UNSAFE UltimateResult: UNSAFE   Violation of LTL property (A ==> F(B)) ,185430445.0,3.16669952E+9,80074504,8,133381383,3175022,2,2,36,45,35,41,7,10,6,1,0,Nonterminating,4.5,3.0,0.0
,ltlcmodelchecker-benchmarks,04-toylinarith1.c,Default-LBE-Multi.epf,LTLAutomizerC.xml,ExpectedResult: UNSAFE UltimateResult: UNSAFE   Violation of LTL property (A ==> F(B)) ,175825517.0,3213361152,80074504,7,124755826,2651756,2,2,36,45,35,41,7,10,5,1,0,Nonterminating,4.8,3.0,0.0
,ltlcmodelchecker-benchmarks,05-toylinarith2.c,Default-LBE-Multi+NondetBuchi.epf,LTLAutomizerC.xml,ExpectedResult: SAFE UltimateResult: SAFE   [ShortDescription: All specifications hold LongDescription: Buchi Automizer proved that the LTL property (A ==> F(B)) holds],254345693.0,3.16669952E+9,8.837608E+7,8,187859328,7577018,2,2,46,56,45,52,7,11,4,0,3,-,4.0,0.0,3.0
,ltlcmodelchecker-benchmarks,05-toylinarith2.c,Default-LBE-Multi+SBE+SASBE+NondetBuchi.epf,LTLAutomizerC.xml,ExpectedResult: SAFE UltimateResult: SAFE   [ShortDescription: All specifications hold LongDescription: Buchi Automizer proved that the LTL property (A ==> F(B)) holds],233771861.0,3214409728,80074504,8,175030591,6960191,2,2,46,56,45,52,7,11,4,0,3,-,4.0,0.0,3.0
,ltlcmodelchecker-benchmarks,05-toylinarith2.c,Default-LBE-Multi+SBE+SASBE.epf,LTLAutomizerC.xml,ExpectedResult: SAFE UltimateResult: SAFE   [ShortDescription: All specifications hold LongDescription: Buchi Automizer proved that the LTL property (A ==> F(B)) holds],170329539.0,3.16669952E+9,80074504,7,110465214,3546590,2,2,46,56,45,52,7,11,4,2,0,-,4.0,3.0,0.0
,ltlcmodelchecker-benchmarks,05-toylinarith2.c,Default-LBE-Multi.epf,LTLAutomizerC.xml,ExpectedResult: SAFE UltimateResult: SAFE   [ShortDescription: All specifications hold LongDescription: Buchi Automizer proved that the LTL property (A ==> F(B)) holds],162006045.0,3215458304,80076576,7,101733064,3153972,2,2,46,56,45,52,7,11,4,2,0,-,4.0,3.0,0.0
,ltlcmodelchecker-benchmarks,06-postgreSQL_strmsrv.c,Default-LBE-Multi+NondetBuchi.epf,LTLAutomizerC.xml,ExpectedResult: SAFE UltimateResult: SAFE   [ShortDescription: All specifications hold LongDescription: Buchi Automizer proved that the LTL property G((A ==> F(G(B)))) holds],423180277.0,3.16669952E+9,88381568,4,140336228,7137620,4,8,114,147,278,696,257,627,3,0,0,-,3.3333333333333335,0.0,0.0
,ltlcmodelchecker-benchmarks,06-postgreSQL_strmsrv.c,Default-LBE-Multi+SBE+SASBE+NondetBuchi.epf,LTLAutomizerC.xml,ExpectedResult: SAFE UltimateResult: SAFE   [ShortDescription: All specifications hold LongDescription: Buchi Automizer proved that the LTL property G((A ==> F(G(B)))) holds],350178131.0,3217031168,80074504,4,146440344,7894454,4,8,114,150,278,714,257,645,3,0,0,-,3.3333333333333335,0.0,0.0
,ltlcmodelchecker-benchmarks,06-postgreSQL_strmsrv.c,Default-LBE-Multi+SBE+SASBE.epf,LTLAutomizerC.xml,ExpectedResult: SAFE UltimateResult: SAFE   [ShortDescription: All specifications hold LongDescription: Buchi Automizer proved that the LTL property G((A ==> F(G(B)))) holds],288925779.0,3.16669952E+9,80074504,4,111011871,5094672,4,8,114,150,278,714,257,645,3,0,0,-,3.3333333333333335,0.0,0.0
,ltlcmodelchecker-benchmarks,06-postgreSQL_strmsrv.c,Default-LBE-Multi.epf,LTLAutomizerC.xml,ExpectedResult: SAFE UltimateResult: SAFE   [ShortDescription: All specifications hold LongDescription: Buchi Automizer proved that the LTL property G((A ==> F(G(B)))) holds],227101371.0,3218604032,80074504,4,100394154,5260407,4,8,114,147,278,696,257,627,3,0,0,-,3.3333333333333335,0.0,0.0
,ltlcmodelchecker-benchmarks,07-postgreSQL_strmsrv_wbug.c,Default-LBE-Multi+NondetBuchi.epf,LTLAutomizerC.xml,ExpectedResult: SAFE UltimateResult: SAFE   [ShortDescription: All specifications hold LongDescription: Buchi Automizer proved that the LTL property G((A ==> F(G(B)))) holds],269164582.0,3.16669952E+9,5.3383E+7,4,109885476,6088412,4,8,114,147,278,696,257,629,3,0,0,-,3.3333333333333335,0.0,0.0
,ltlcmodelchecker-benchmarks,07-postgreSQL_strmsrv_wbug.c,Default-LBE-Multi+SBE+SASBE+NondetBuchi.epf,LTLAutomizerC.xml,ExpectedResult: SAFE UltimateResult: SAFE   [ShortDescription: All specifications hold LongDescription: Buchi Automizer proved that the LTL property G((A ==> F(G(B)))) holds],291474619.0,3219652608,80074504,4,133352647,6681850,4,8,114,150,278,714,257,647,3,0,0,-,3.3333333333333335,0.0,0.0
,ltlcmodelchecker-benchmarks,07-postgreSQL_strmsrv_wbug.c,Default-LBE-Multi+SBE+SASBE.epf,LTLAutomizerC.xml,ExpectedResult: SAFE UltimateResult: SAFE   [ShortDescription: All specifications hold LongDescription: Buchi Automizer proved that the LTL property G((A ==> F(G(B)))) holds],245246654.0,3.16669952E+9,80074504,4,96210689,4583770,4,8,114,150,278,714,257,647,3,0,0,-,3.3333333333333335,0.0,0.0
,ltlcmodelchecker-benchmarks,07-postgreSQL_strmsrv_wbug.c,Default-LBE-Multi.epf,LTLAutomizerC.xml,ExpectedResult: SAFE UltimateResult: SAFE   [ShortDescription: All specifications hold LongDescription: Buchi Automizer proved that the LTL property G((A ==> F(G(B)))) holds],223034857.0,3.22174976E+9,5.3383E+7,4,90941594,5876232,4,8,114,147,278,696,257,629,3,0,0,-,3.3333333333333335,0.0,0.0
,ltlcmodelchecker-benchmarks,08-postgreSQL_pgarch.c,Default-LBE-Multi+NondetBuchi.epf,LTLAutomizerC.xml,ExpectedResult: UNSAFE UltimateResult: UNSAFE   Violation of LTL property G(F(A)) ,192997437.0,3.16669952E+9,80074504,3,105521907,2589605,2,3,70,99,160,266,103,192,2,0,0,Nonterminating,3.0,0.0,0.0
,ltlcmodelchecker-benchmarks,08-postgreSQL_pgarch.c,Default-LBE-Multi+SBE+SASBE+NondetBuchi.epf,LTLAutomizerC.xml,ExpectedResult: UNSAFE UltimateResult: UNSAFE   Violation of LTL property G(F(A)) ,160450613.0,3.22174976E+9,5.3383E+7,3,94285025,2551514,2,3,70,99,160,266,103,192,2,0,0,Nonterminating,3.0,0.0,0.0
,ltlcmodelchecker-benchmarks,08-postgreSQL_pgarch.c,Default-LBE-Multi+SBE+SASBE.epf,LTLAutomizerC.xml,ExpectedResult: UNSAFE UltimateResult: UNSAFE   Violation of LTL property G(F(A)) ,169466448.0,3.16669952E+9,80074504,3,93910117,2560535,2,3,70,99,160,266,103,192,2,0,0,Nonterminating,3.0,0.0,0.0
,ltlcmodelchecker-benchmarks,08-postgreSQL_pgarch.c,Default-LBE-Multi.epf,LTLAutomizerC.xml,ExpectedResult: UNSAFE UltimateResult: UNSAFE   Violation of LTL property G(F(A)) ,178973808.0,3222274048,80074504,3,109955646,2636051,2,3,70,99,160,266,103,192,2,0,0,Nonterminating,3.0,0.0,0.0
,ltlcmodelchecker-benchmarks,09-postgreSQL_dropbuf_prop1.c,Default-LBE-Multi+NondetBuchi.epf,LTLAutomizerC.xml,ExpectedResult: UNSAFE UltimateResult: UNSAFE   Violation of LTL property (A ==> G(B)) ,1470786245.0,3.16669952E+9,265128272,3,1361951981,2725602,3,5,84,108,155,265,138,231,1,0,1,Nonterminating,3.0,0.0,9.0
,ltlcmodelchecker-benchmarks,09-postgreSQL_dropbuf_prop1.c,Default-LBE-Multi+SBE+SASBE+NondetBuchi.epf,LTLAutomizerC.xml,ExpectedResult: UNSAFE UltimateResult: UNSAFE   Violation of LTL property (A ==> G(B)) ,1156832516.0,3223322624,2.5552872E+8,3,1031077938,3549931,3,5,84,110,155,271,138,237,1,0,1,Nonterminating,3.0,0.0,9.0
,ltlcmodelchecker-benchmarks,09-postgreSQL_dropbuf_prop1.c,Default-LBE-Multi+SBE+SASBE.epf,LTLAutomizerC.xml,ExpectedResult: UNSAFE UltimateResult: UNSAFE   Violation of LTL property (A ==> G(B)) ,794163129.0,3.16669952E+9,265130536,3,681165115,2357377,3,5,84,110,155,271,138,237,1,1,0,Nonterminating,3.0,6.0,0.0
,ltlcmodelchecker-benchmarks,09-postgreSQL_dropbuf_prop1.c,Default-LBE-Multi.epf,LTLAutomizerC.xml,ExpectedResult: UNSAFE UltimateResult: UNSAFE   Violation of LTL property (A ==> G(B)) ,696988439.0,3.2243712E+9,255528888,3,618220998,1744559,3,5,84,108,155,265,138,231,1,1,0,Nonterminating,3.0,6.0,0.0
,ltlcmodelchecker-benchmarks,10-postgreSQL_dropbuf_prop2.c,Default-LBE-Multi+NondetBuchi.epf,LTLAutomizerC.xml,ExpectedResult: SAFE UltimateResult: SAFE   [ShortDescription: All specifications hold LongDescription: Buchi Automizer proved that the LTL property G((A ==> F(B))) holds],374125800.0,3.16669952E+9,1.3256416E+8,4,296656501,2176939,2,3,84,108,155,257,138,223,2,0,1,-,3.0,0.0,9.0
,ltlcmodelchecker-benchmarks,10-postgreSQL_dropbuf_prop2.c,Default-LBE-Multi+SBE+SASBE+NondetBuchi.epf,LTLAutomizerC.xml,ExpectedResult: SAFE UltimateResult: SAFE   [ShortDescription: All specifications hold LongDescription: Buchi Automizer proved that the LTL property G((A ==> F(B))) holds],390044687.0,3225419776,102211512,4,308118931,3201087,2,3,84,110,155,263,138,229,2,0,1,-,3.0,0.0,9.0
,ltlcmodelchecker-benchmarks,10-postgreSQL_dropbuf_prop2.c,Default-LBE-Multi+SBE+SASBE.epf,LTLAutomizerC.xml,ExpectedResult: SAFE UltimateResult: SAFE   [ShortDescription: All specifications hold LongDescription: Buchi Automizer proved that the LTL property G((A ==> F(B))) holds],326003245.0,3.16669952E+9,132564112,4,255843987,1895257,2,3,84,110,155,263,138,229,2,1,0,-,3.0,6.0,0.0
,ltlcmodelchecker-benchmarks,10-postgreSQL_dropbuf_prop2.c,Default-LBE-Multi.epf,LTLAutomizerC.xml,ExpectedResult: SAFE UltimateResult: SAFE   [ShortDescription: All specifications hold LongDescription: Buchi Automizer proved that the LTL property G((A ==> F(B))) holds],372743452.0,3227516928,102211528,4,305216902,1917645,2,3,84,108,155,257,138,223,2,1,0,-,3.0,6.0,0.0
,ltlcmodelchecker-benchmarks,11-apache_accept_liveness.c,Default-LBE-Multi+NondetBuchi.epf,LTLAutomizerC.xml,ExpectedResult: SAFE UltimateResult: EXCEPTION_OR_ERROR   [de.uni_freiburg.informatik.ultimate.plugins.generator.buchiautomizer: OutOfMemoryError: GC overhead limit exceeded: java.util.HashMap.newNode(HashMap.java:1734)],1287200046177.0,5420089344,8903700088,0,1791673,0,2,3,376,476,845,1328,806,1250,-,-,-,-,-,-,-
,ltlcmodelchecker-benchmarks,11-apache_accept_liveness.c,Default-LBE-Multi+SBE+SASBE+NondetBuchi.epf,LTLAutomizerC.xml,ExpectedResult: SAFE UltimateResult: EXCEPTION_OR_ERROR   [de.uni_freiburg.informatik.ultimate.plugins.generator.buchiautomizer: OutOfMemoryError: GC overhead limit exceeded: java.util.HashMap.newNode(HashMap.java:1734)],1294307365104.0,5579997184,7234248576,0,3358802,0,2,3,376,477,845,1331,806,1253,-,-,-,-,-,-,-
,ltlcmodelchecker-benchmarks,11-apache_accept_liveness.c,Default-LBE-Multi+SBE+SASBE.epf,LTLAutomizerC.xml,ExpectedResult: SAFE UltimateResult: EXCEPTION_OR_ERROR   [de.uni_freiburg.informatik.ultimate.plugins.generator.buchiautomizer: OutOfMemoryError: GC overhead limit exceeded: java.util.HashMap.newNode(HashMap.java:1734)],1294241439767.0,5597822976,7232870168,0,3686595,0,2,3,376,477,845,1331,806,1253,-,-,-,-,-,-,-
,ltlcmodelchecker-benchmarks,11-apache_accept_liveness.c,Default-LBE-Multi.epf,LTLAutomizerC.xml,ExpectedResult: SAFE UltimateResult: TIMEOUT   [ShortDescription: Timeout (UltimateCore) LongDescription: Timeout occured before executing de.uni_freiburg.informatik.ultimate.plugins.generator.rcfgbuilder],23246643035766.0,5597822976,6583672.0,-,-,-,-,-,-,-,-,-,-,-,-,-,-,-,-,-,-
,ltlcmodelchecker-benchmarks,12-apache_progress.c,Default-LBE-Multi+NondetBuchi.epf,LTLAutomizerC.xml,ExpectedResult: SAFE UltimateResult: SAFE   [ShortDescription: All specifications hold LongDescription: Buchi Automizer proved that the LTL property G(((F(A) || F(B)) || C)) holds],1079218533.0,5597822976,179474376,5,376091561,13400457,2,3,376,476,845,1328,781,1193,4,0,0,-,3.75,0.0,0.0
,ltlcmodelchecker-benchmarks,12-apache_progress.c,Default-LBE-Multi+SBE+SASBE+NondetBuchi.epf,LTLAutomizerC.xml,ExpectedResult: SAFE UltimateResult: SAFE   [ShortDescription: All specifications hold LongDescription: Buchi Automizer proved that the LTL property G(((F(A) || F(B)) || C)) holds],769339675.0,5597822976,178090616,5,345325712,11632173,2,3,376,477,845,1331,781,1194,4,0,0,-,3.75,0.0,0.0
,ltlcmodelchecker-benchmarks,12-apache_progress.c,Default-LBE-Multi+SBE+SASBE.epf,LTLAutomizerC.xml,ExpectedResult: SAFE UltimateResult: SAFE   [ShortDescription: All specifications hold LongDescription: Buchi Automizer proved that the LTL property G(((F(A) || F(B)) || C)) holds],751905448.0,5597822976,179079512,5,340648384,11155351,2,3,376,477,845,1331,781,1194,4,0,0,-,3.75,0.0,0.0
,ltlcmodelchecker-benchmarks,12-apache_progress.c,Default-LBE-Multi.epf,LTLAutomizerC.xml,ExpectedResult: SAFE UltimateResult: SAFE   [ShortDescription: All specifications hold LongDescription: Buchi Automizer proved that the LTL property G(((F(A) || F(B)) || C)) holds],727697150.0,5597822976,1.7811884E+8,5,341554913,11414646,2,3,376,476,845,1328,781,1193,4,0,0,-,3.75,0.0,0.0
,ltlcmodelchecker-benchmarks,13-windows_os_frag1.c,Default-LBE-Multi+NondetBuchi.epf,LTLAutomizerC.xml,ExpectedResult: SAFE UltimateResult: SAFE   [ShortDescription: All specifications hold LongDescription: Buchi Automizer proved that the LTL property G((A ==> F(B))) holds],22110549418.0,5597822976,6.862654E+8,3,21997496603,1914972,2,3,151,189,319,523,283,450,1,0,1,-,3.0,0.0,7.0
,ltlcmodelchecker-benchmarks,13-windows_os_frag1.c,Default-LBE-Multi+SBE+SASBE+NondetBuchi.epf,LTLAutomizerC.xml,ExpectedResult: SAFE UltimateResult: SAFE   [ShortDescription: All specifications hold LongDescription: Buchi Automizer proved that the LTL property G((A ==> F(B))) holds],2535543420.0,5109710848,260983416,3,2413636494,1930676,2,3,151,193,319,535,283,458,1,0,1,-,3.0,0.0,7.0
,ltlcmodelchecker-benchmarks,13-windows_os_frag1.c,Default-LBE-Multi+SBE+SASBE.epf,LTLAutomizerC.xml,ExpectedResult: SAFE UltimateResult: SAFE   [ShortDescription: All specifications hold LongDescription: Buchi Automizer proved that the LTL property G((A ==> F(B))) holds],2385019181.0,5032116224,141882216,3,2261651719,2051301,2,3,151,193,319,535,283,458,1,1,0,-,3.0,6.0,0.0
,ltlcmodelchecker-benchmarks,13-windows_os_frag1.c,Default-LBE-Multi.epf,LTLAutomizerC.xml,ExpectedResult: SAFE UltimateResult: SAFE   [ShortDescription: All specifications hold LongDescription: Buchi Automizer proved that the LTL property G((A ==> F(B))) holds],22159396393.0,4.81820672E+9,54832568,3,22054772325,1944042,2,3,151,189,319,523,283,450,1,1,0,-,3.0,6.0,0.0
,ltlcmodelchecker-benchmarks,14-windows_os_frag2.c,Default-LBE-Multi+NondetBuchi.epf,LTLAutomizerC.xml,ExpectedResult: SAFE UltimateResult: SAFE   [ShortDescription: All specifications hold LongDescription: Buchi Automizer proved that the LTL property F(G(A)) holds],95780982.0,4.94665728E+9,31189888,2,20043879,323450,2,4,87,116,167,397,118,353,1,0,0,-,3.0,0.0,0.0
,ltlcmodelchecker-benchmarks,14-windows_os_frag2.c,Default-LBE-Multi+SBE+SASBE+NondetBuchi.epf,LTLAutomizerC.xml,ExpectedResult: SAFE UltimateResult: SAFE   [ShortDescription: All specifications hold LongDescription: Buchi Automizer proved that the LTL property F(G(A)) holds],109657926.0,4.72907776E+9,31189888,2,22823612,316767,2,4,87,117,167,401,118,357,1,0,0,-,3.0,0.0,0.0
,ltlcmodelchecker-benchmarks,14-windows_os_frag2.c,Default-LBE-Multi+SBE+SASBE.epf,LTLAutomizerC.xml,ExpectedResult: SAFE UltimateResult: SAFE   [ShortDescription: All specifications hold LongDescription: Buchi Automizer proved that the LTL property F(G(A)) holds],121936330.0,4893704192,31189888,2,23752528,525607,2,4,87,117,167,401,118,357,1,0,0,-,3.0,0.0,0.0
,ltlcmodelchecker-benchmarks,14-windows_os_frag2.c,Default-LBE-Multi.epf,LTLAutomizerC.xml,ExpectedResult: SAFE UltimateResult: SAFE   [ShortDescription: All specifications hold LongDescription: Buchi Automizer proved that the LTL property F(G(A)) holds],94945291.0,4.72907776E+9,31189888,2,20663380,316767,2,4,87,116,167,397,118,353,1,0,0,-,3.0,0.0,0.0
,ltlcmodelchecker-benchmarks,15-windows_os_frag2_wbug.c,Default-LBE-Multi+NondetBuchi.epf,LTLAutomizerC.xml,ExpectedResult: UNSAFE UltimateResult: UNSAFE   Violation of LTL property G(F(A)) ,233022046.0,4855431168,59043528,3,137573203,2696531,2,3,91,121,175,321,66,156,2,0,0,Nonterminating,3.0,0.0,0.0
,ltlcmodelchecker-benchmarks,15-windows_os_frag2_wbug.c,Default-LBE-Multi+SBE+SASBE+NondetBuchi.epf,LTLAutomizerC.xml,ExpectedResult: UNSAFE UltimateResult: UNSAFE   Violation of LTL property G(F(A)) ,236017971.0,4.72907776E+9,61126952,3,136721807,1725178,2,3,91,122,175,324,66,159,2,0,0,Nonterminating,3.0,0.0,0.0
,ltlcmodelchecker-benchmarks,15-windows_os_frag2_wbug.c,Default-LBE-Multi+SBE+SASBE.epf,LTLAutomizerC.xml,ExpectedResult: UNSAFE UltimateResult: UNSAFE   Violation of LTL property G(F(A)) ,251075104.0,4832886784,59043984,3,129430147,1720167,2,3,91,122,175,324,66,159,2,0,0,Nonterminating,3.0,0.0,0.0
,ltlcmodelchecker-benchmarks,15-windows_os_frag2_wbug.c,Default-LBE-Multi.epf,LTLAutomizerC.xml,ExpectedResult: UNSAFE UltimateResult: UNSAFE   Violation of LTL property G(F(A)) ,210335767.0,4.72907776E+9,61126896,3,119124853,1709139,2,3,91,121,175,321,66,156,2,0,0,Nonterminating,3.0,0.0,0.0
,ltlcmodelchecker-benchmarks,16-windows_os_frag3.c,Default-LBE-Multi+NondetBuchi.epf,LTLAutomizerC.xml,ExpectedResult: SAFE UltimateResult: SAFE   [ShortDescription: All specifications hold LongDescription: Buchi Automizer proved that the LTL property F(G(A)) holds],61781301.0,4819779584,31189888,3,17409166,817981,2,4,26,40,57,120,49,112,2,0,0,-,3.0,0.0,0.0
,ltlcmodelchecker-benchmarks,16-windows_os_frag3.c,Default-LBE-Multi+SBE+SASBE+NondetBuchi.epf,LTLAutomizerC.xml,ExpectedResult: SAFE UltimateResult: SAFE   [ShortDescription: All specifications hold LongDescription: Buchi Automizer proved that the LTL property F(G(A)) holds],76392690.0,4.72907776E+9,31189888,3,17915392,844044,2,4,26,40,57,120,49,112,2,0,0,-,3.0,0.0,0.0
,ltlcmodelchecker-benchmarks,16-windows_os_frag3.c,Default-LBE-Multi+SBE+SASBE.epf,LTLAutomizerC.xml,ExpectedResult: SAFE UltimateResult: SAFE   [ShortDescription: All specifications hold LongDescription: Buchi Automizer proved that the LTL property F(G(A)) holds],71385562.0,4811390976,31189888,3,17058983,874117,2,4,26,40,57,120,49,112,2,0,0,-,3.0,0.0,0.0
,ltlcmodelchecker-benchmarks,16-windows_os_frag3.c,Default-LBE-Multi.epf,LTLAutomizerC.xml,ExpectedResult: SAFE UltimateResult: SAFE   [ShortDescription: All specifications hold LongDescription: Buchi Automizer proved that the LTL property F(G(A)) holds],65316196.0,4.72907776E+9,31189888,3,17023564,820655,2,4,26,40,57,120,49,112,2,0,0,-,3.0,0.0,0.0
,ltlcmodelchecker-benchmarks,17-windows_os_frag4_prop1.c,Default-LBE-Multi+NondetBuchi.epf,LTLAutomizerC.xml,ExpectedResult: SAFE UltimateResult: SAFE   [ShortDescription: All specifications hold LongDescription: Buchi Automizer proved that the LTL property G((A ==> F(B))) holds],1943102861.0,4.8103424E+9,100370032,7,1793974339,569064943,2,3,285,380,660,1095,588,919,1,0,5,-,3.0,0.0,7.2
,ltlcmodelchecker-benchmarks,17-windows_os_frag4_prop1.c,Default-LBE-Multi+SBE+SASBE+NondetBuchi.epf,LTLAutomizerC.xml,ExpectedResult: SAFE UltimateResult: SAFE   [ShortDescription: All specifications hold LongDescription: Buchi Automizer proved that the LTL property G((A ==> F(B))) holds],2007427991.0,4820303872,103289368,7,1812052123,576378654,2,3,285,381,660,1098,588,922,1,0,5,-,3.0,0.0,7.2
,ltlcmodelchecker-benchmarks,17-windows_os_frag4_prop1.c,Default-LBE-Multi+SBE+SASBE.epf,LTLAutomizerC.xml,ExpectedResult: SAFE UltimateResult: SAFE   [ShortDescription: All specifications hold LongDescription: Buchi Automizer proved that the LTL property G((A ==> F(B))) holds],1018715326.0,4825546752,412619128,5,847191230,31915300,2,3,285,381,660,1098,588,922,1,3,0,-,3.0,5.333333333333333,0.0
,ltlcmodelchecker-benchmarks,17-windows_os_frag4_prop1.c,Default-LBE-Multi.epf,LTLAutomizerC.xml,ExpectedResult: SAFE UltimateResult: SAFE   [ShortDescription: All specifications hold LongDescription: Buchi Automizer proved that the LTL property G((A ==> F(B))) holds],1000594775.0,4741660672,422438032,5,851476610,32358706,2,3,285,380,660,1095,588,919,1,3,0,-,3.0,5.333333333333333,0.0
,ltlcmodelchecker-benchmarks,18-windows_os_frag4_prop2.c,Default-LBE-Multi+NondetBuchi.epf,LTLAutomizerC.xml,ExpectedResult: SAFE UltimateResult: EXCEPTION_OR_ERROR   [de.uni_freiburg.informatik.ultimate.plugins.generator.buchiautomizer: OutOfMemoryError: Java heap space: java.util.HashMap.newNode(HashMap.java:1734)],1755444242622.0,5024251904,7389180432,0,1444498,0,1,1,271,367,336,380,307,340,-,-,-,-,-,-,-
,ltlcmodelchecker-benchmarks,18-windows_os_frag4_prop2.c,Default-LBE-Multi+SBE+SASBE+NondetBuchi.epf,LTLAutomizerC.xml,ExpectedResult: SAFE UltimateResult: EXCEPTION_OR_ERROR   [de.uni_freiburg.informatik.ultimate.plugins.generator.buchiautomizer: OutOfMemoryError: GC overhead limit exceeded],562008718784.0,5553258496,7306080464,0,2306586,0,1,1,271,368,336,381,307,341,-,-,-,-,-,-,-
,ltlcmodelchecker-benchmarks,18-windows_os_frag4_prop2.c,Default-LBE-Multi+SBE+SASBE.epf,LTLAutomizerC.xml,ExpectedResult: SAFE UltimateResult: EXCEPTION_OR_ERROR   [de.uni_freiburg.informatik.ultimate.plugins.generator.buchiautomizer: OutOfMemoryError: GC overhead limit exceeded],586268300824.0,5584191488,7289832608,0,1456194,0,1,1,271,368,336,381,307,341,-,-,-,-,-,-,-
,ltlcmodelchecker-benchmarks,18-windows_os_frag4_prop2.c,Default-LBE-Multi.epf,LTLAutomizerC.xml,ExpectedResult: SAFE UltimateResult: EXCEPTION_OR_ERROR   [de.uni_freiburg.informatik.ultimate.plugins.generator.buchiautomizer: OutOfMemoryError: GC overhead limit exceeded],582455456114.0,5654970368,7295428552,0,1457196,0,1,1,271,367,336,380,307,340,-,-,-,-,-,-,-
,ltlcmodelchecker-benchmarks,19-windows_os_frag5.c,Default-LBE-Multi+NondetBuchi.epf,LTLAutomizerC.xml,ExpectedResult: SAFE UltimateResult: SAFE   [ShortDescription: All specifications hold LongDescription: Buchi Automizer proved that the LTL property G((A ==> F(B))) holds],22620538946.0,5654970368,828022656,18,22376657597,154740446,2,3,434,528,880,1524,639,955,1,0,16,-,3.0,0.0,8.125
,ltlcmodelchecker-benchmarks,19-windows_os_frag5.c,Default-LBE-Multi+SBE+SASBE+NondetBuchi.epf,LTLAutomizerC.xml,ExpectedResult: SAFE UltimateResult: SAFE   [ShortDescription: All specifications hold LongDescription: Buchi Automizer proved that the LTL property G((A ==> F(B))) holds],22855935075.0,4989124608,466469672,18,22656490688,152690482,2,3,434,531,880,1533,639,961,1,0,16,-,3.0,0.0,8.125
,ltlcmodelchecker-benchmarks,19-windows_os_frag5.c,Default-LBE-Multi+SBE+SASBE.epf,LTLAutomizerC.xml,ExpectedResult: SAFE UltimateResult: SAFE   [ShortDescription: All specifications hold LongDescription: Buchi Automizer proved that the LTL property G((A ==> F(B))) holds],23607473968.0,4876926976,288411848,18,23146827616,215135059,2,3,434,531,880,1533,639,961,1,16,0,-,3.0,6.0,0.0
,ltlcmodelchecker-benchmarks,19-windows_os_frag5.c,Default-LBE-Multi.epf,LTLAutomizerC.xml,ExpectedResult: SAFE UltimateResult: SAFE   [ShortDescription: All specifications hold LongDescription: Buchi Automizer proved that the LTL property G((A ==> F(B))) holds],23277325013.0,4877975552,60626696,18,23090589408,150431678,2,3,434,528,880,1524,639,955,1,16,0,-,3.0,6.0,0.0
,ltlcmodelchecker-benchmarks,20-windows_os_frag6.c,Default-LBE-Multi+NondetBuchi.epf,LTLAutomizerC.xml,ExpectedResult: SAFE UltimateResult: TIMEOUT   [ShortDescription: Timeout (de.uni_freiburg.informatik.ultimate.plugins.generator.buchiautomizer) LongDescription: Timeout while trying to prove F(G(A))],1207369731489.0,7635730432,8195363592,18,1207310689824,955359107757,2,4,38,55,75,173,44,104,12,0,5,Decomposition not yet finished,6.5,0.0,6.2
,ltlcmodelchecker-benchmarks,20-windows_os_frag6.c,Default-LBE-Multi+SBE+SASBE+NondetBuchi.epf,LTLAutomizerC.xml,ExpectedResult: SAFE UltimateResult: EXCEPTION_OR_ERROR   [de.uni_freiburg.informatik.ultimate.plugins.generator.buchiautomizer: OutOfMemoryError: GC overhead limit exceeded],977890554255.0,7635730432,7882032288,0,829342,0,2,4,38,56,75,177,45,108,-,-,-,-,-,-,-
,ltlcmodelchecker-benchmarks,20-windows_os_frag6.c,Default-LBE-Multi+SBE+SASBE.epf,LTLAutomizerC.xml,ExpectedResult: SAFE UltimateResult: TIMEOUT   [ShortDescription: Timeout (de.uni_freiburg.informatik.ultimate.plugins.generator.buchiautomizer) LongDescription: Timeout while trying to prove F(G(A))],1207223862528.0,7.17750272E+9,4856718712,15,1207158179110,1171417594413,2,4,38,56,75,177,45,108,7,8,0,Decomposition not yet finished,4.142857142857143,8.0,0.0
,ltlcmodelchecker-benchmarks,20-windows_os_frag6.c,Default-LBE-Multi.epf,LTLAutomizerC.xml,ExpectedResult: SAFE UltimateResult: TIMEOUT   [ShortDescription: Timeout (de.uni_freiburg.informatik.ultimate.plugins.generator.buchiautomizer) LongDescription: Timeout while trying to prove F(G(A))],1308582211116.0,7740063744,5526289296,14,1308515568708,1290897504090,2,4,38,55,75,173,44,104,6,8,0,Decomposition not yet finished,4.166666666666667,8.0,0.0
,ltlcmodelchecker-benchmarks,21-windows_os_frag6_wbug.c,Default-LBE-Multi+NondetBuchi.epf,LTLAutomizerC.xml,ExpectedResult: UNSAFE UltimateResult: UNSAFE   Violation of LTL property F(G(A)) ,732347078.0,7.7463552E+9,79288072,1,16234653,0,2,4,38,55,75,173,45,110,-,-,-,Nonterminating,-,-,-
,ltlcmodelchecker-benchmarks,21-windows_os_frag6_wbug.c,Default-LBE-Multi+SBE+SASBE+NondetBuchi.epf,LTLAutomizerC.xml,ExpectedResult: UNSAFE UltimateResult: UNSAFE   Violation of LTL property F(G(A)) ,65480260.0,7761035264,79288072,1,11542957,0,2,4,38,56,75,177,46,112,-,-,-,Nonterminating,-,-,-
,ltlcmodelchecker-benchmarks,21-windows_os_frag6_wbug.c,Default-LBE-Multi+SBE+SASBE.epf,LTLAutomizerC.xml,ExpectedResult: UNSAFE UltimateResult: UNSAFE   Violation of LTL property F(G(A)) ,66275186.0,7732723712,79288072,1,11778862,0,2,4,38,56,75,177,46,112,-,-,-,Nonterminating,-,-,-
,ltlcmodelchecker-benchmarks,21-windows_os_frag6_wbug.c,Default-LBE-Multi.epf,LTLAutomizerC.xml,ExpectedResult: UNSAFE UltimateResult: UNSAFE   Violation of LTL property F(G(A)) ,66307930.0,7783579648,79288072,1,12273393,0,2,4,38,55,75,173,45,110,-,-,-,Nonterminating,-,-,-
,ltlcmodelchecker-benchmarks,22-windows_os_frag7.c,Default-LBE-Multi+NondetBuchi.epf,LTLAutomizerC.xml,ExpectedResult: SAFE UltimateResult: SAFE   [ShortDescription: All specifications hold LongDescription: Buchi Automizer proved that the LTL property G(F(A)) holds],776358005.0,7732723712,264293536,15,725536583,47338988,2,3,38,55,75,136,38,70,3,0,11,-,3.6666666666666665,0.0,7.181818181818182
,ltlcmodelchecker-benchmarks,22-windows_os_frag7.c,Default-LBE-Multi+SBE+SASBE+NondetBuchi.epf,LTLAutomizerC.xml,ExpectedResult: SAFE UltimateResult: SAFE   [ShortDescription: All specifications hold LongDescription: Buchi Automizer proved that the LTL property G(F(A)) holds],2952417421.0,7797735424,2431532088,11,2895705398,2250471640,2,3,38,56,75,139,39,75,1,0,9,-,3.0,0.0,8.0
,ltlcmodelchecker-benchmarks,22-windows_os_frag7.c,Default-LBE-Multi+SBE+SASBE.epf,LTLAutomizerC.xml,ExpectedResult: SAFE UltimateResult: SAFE   [ShortDescription: All specifications hold LongDescription: Buchi Automizer proved that the LTL property G(F(A)) holds],1222361895.0,7805075456,476768744,17,1156279509,52095510,2,3,38,56,75,139,39,75,3,13,0,-,3.6666666666666665,5.0,0.0
,ltlcmodelchecker-benchmarks,22-windows_os_frag7.c,Default-LBE-Multi.epf,LTLAutomizerC.xml,ExpectedResult: SAFE UltimateResult: SAFE   [ShortDescription: All specifications hold LongDescription: Buchi Automizer proved that the LTL property G(F(A)) holds],985970354.0,7.73849088E+9,411755712,15,937767272,40624059,2,3,38,55,75,136,38,70,3,11,0,-,3.6666666666666665,5.0,0.0
,ltlcmodelchecker-benchmarks,23-windows_os_frag8.c,Default-LBE-Multi+NondetBuchi.epf,LTLAutomizerC.xml,ExpectedResult: SAFE UltimateResult: TIMEOUT   [ShortDescription: Timeout (de.uni_freiburg.informatik.ultimate.plugins.generator.buchiautomizer) LongDescription: Timeout while trying to prove F(G(A))],1327176070443.0,7815561216,6216467936,8,1299092779713,532397795125,2,4,94,123,176,410,122,374,2,0,6,Decomposition not yet finished,3.0,0.0,5.666666666666667
,ltlcmodelchecker-benchmarks,23-windows_os_frag8.c,Default-LBE-Multi+SBE+SASBE+NondetBuchi.epf,LTLAutomizerC.xml,ExpectedResult: SAFE UltimateResult: EXCEPTION_OR_ERROR   [de.uni_freiburg.informatik.ultimate.plugins.generator.buchiautomizer: OutOfMemoryError: GC overhead limit exceeded],720048839625.0,7635206144,7273804696,0,1358958,0,2,4,94,124,176,414,122,378,-,-,-,-,-,-,-
,ltlcmodelchecker-benchmarks,23-windows_os_frag8.c,Default-LBE-Multi+SBE+SASBE.epf,LTLAutomizerC.xml,ExpectedResult: SAFE UltimateResult: SAFE   [ShortDescription: All specifications hold LongDescription: Buchi Automizer proved that the LTL property F(G(A)) holds],731991468001.0,5106040832,1674665224,67,731847412099,630899655300,2,4,94,124,176,414,122,378,3,62,1,-,3.0,5.064516129032258,4.0
,ltlcmodelchecker-benchmarks,23-windows_os_frag8.c,Default-LBE-Multi.epf,LTLAutomizerC.xml,ExpectedResult: SAFE UltimateResult: SAFE   [ShortDescription: All specifications hold LongDescription: Buchi Automizer proved that the LTL property F(G(A)) holds],700231486325.0,5254414336,1548845408,66,700118175890,633904533443,2,4,94,123,176,410,122,374,3,61,1,-,3.0,5.065573770491803,4.0